{
  "metric": "macro_f1",
  "oof_macro_f1": 0.9751315489311,
  "macro_f1_mean": 0.9751432163767324,
  "macro_f1_std": 0.0028282884155045873,
  "per_class_f1": {
    "0": 0.9735182849936949,
    "1": 0.9987484355444305,
    "2": 0.9979221498822551,
    "3": 0.9234629861982434,
    "4": 0.9583858764186634,
    "5": 0.9987515605493134
  },
  "labels": [
    0,
    1,
    2,
    3,
    4,
    5
  ],
  "folds": [
    {
      "fold": 1,
      "macro_f1": 0.9723149279612279,
      "n_train": 13629,
      "n_valid": 13629
    },
    {
      "fold": 2,
      "macro_f1": 0.977971504792237,
      "n_train": 13629,
      "n_valid": 13629
    }
  ],
  "sanity": {
    "duplicate_id_rows": 0,
    "duplicate_text_rows": 10200
  }
}