{
  "metric": "macro_f1",
  "oof_macro_f1": 0.9384594491456953,
  "macro_f1_mean": 0.9383871329924527,
  "macro_f1_std": 0.0025496950880947167,
  "per_class_f1": {
    "0": 0.9114249037227214,
    "1": 0.9835651074589128,
    "2": 0.9948464804028039,
    "3": 0.8678237650200267,
    "4": 0.910039113428944,
    "5": 0.9630573248407643
  },
  "labels": [
    0,
    1,
    2,
    3,
    4,
    5
  ],
  "folds": [
    {
      "fold": 1,
      "macro_f1": 0.9358374379043579,
      "n_train": 13629,
      "n_valid": 13629
    },
    {
      "fold": 2,
      "macro_f1": 0.9409368280805473,
      "n_train": 13629,
      "n_valid": 13629
    }
  ]
}